

[
    {
        "time": 1491881170000,
        "lid": "亞洲冠軍盃",
        "gid": 230,
        "ht": "西部悉尼流浪者",
        "ct": "首爾"
    },
    {
        "time": 1491881170000,
        "lid": "亞洲冠軍盃",
        "gid": 240,
        "ht": "浦和紅鑽",
        "ct": "首爾"
    },
    {
        "time": 1491881170000,
        "lid": "亞洲冠軍盃",
        "gid": 250,
        "ht": "塔什干火車頭",
        "ct": "艾斯迪格拿"
    },
    {
        "time": 1491881170000,
        "lid": "歐冠",
        "gid": 300,
        "ht": "祖雲達斯",
        "ct": "巴塞羅那"
    },
    {
        "time": 1491881170000,
        "lid": "歐冠",
        "gid": 301,
        "ht": "多特蒙德",
        "ct": "摩納哥"
    },
    {
        "time": 1491881170000,
        "lid": "南美自由盃",
        "gid": 302,
        "ht": "約治",
        "ct": "圖庫曼體育會"
    },
    {
        "time": 1491881170000,
        "lid": "歐冠",
        "gid": 400,
        "ht": "祖雲達斯",
        "ct": "巴塞羅那"
    },
    {
        "time": 1491881170000,
        "lid": "歐冠",
        "gid": 401,
        "ht": "多特蒙德",
        "ct": "摩納哥"
    },
    {
        "time": 1491881170000,
        "lid": "南美自由盃",
        "gid": 402,
        "ht": "利伯泰德",
        "ct": "葛度爾古斯"
    },
    {
        "time": 1491941170000,
        "lid": "南美自由盃",
        "gid": 403,
        "ht": "學生隊",
        "ct": "巴塞隆拿SC"
    }
]