{
  "gid": 2013,
  "ptype": {
    "波膽": {
       "gold": 1072775.10,
       "table": [{"option": "0-0",  
                "win": 2.64,  
                "trade": 218276.64, 
                "enable": true  
                },{"option": "0-1",  
                "win": 4.04,  
                "trade": 238276.64, 
                "enable": true  
                },{"option": "0-2",  
                "win": 2.85,  
                "trade": 242676.64, 
                "enable": true  
                },{"option": "0-3",  
                "win": 0.91,  
                "trade": 238566.64, 
                "enable": false  
                },{"option": "1-0",  
                "win": 6.19,  
                "trade": 260126.00, 
                "enable": false  
                },{"option": "1-1",  
                "win": 12.09,  
                "trade": 223161.66, 
                "enable": true  
                },{"option": "1-2",  
                "win": 5.36,  
                "trade": 223661.95, 
                "enable": true  
                },{"option": "1-3",  
                "win": 2.43,  
                "trade": 298661.16, 
                "enable": true  
                },{"option": "2-0",  
                "win": 7.40,  
                "trade": 244461.66, 
                "enable": false  
                },{"option": "2-1",  
                "win": 8.52,  
                "trade": 212361.66, 
                "enable": true  
                },{"option": "2-2",  
                "win": 7.66,  
                "trade": 287561.66, 
                "enable": true  
                },{"option": "2-3",  
                "win": 2.82,  
                "trade": 224561.66, 
                "enable": true  
                }]
    },
        "上半波膽": {
       "gold": 2064168,
       "table": [{"option": "0-0",  
                "win": 6.04,  
                "trade": 1280000, 
                "enable": true  
                },{"option": "0-1",  
                "win": 6.04,  
                "trade": 1280000, 
                "enable": true  
                },{"option": "0-2",  
                "win": 6.04,  
                "trade": 1280000, 
                "enable": true  
                },{"option": "0-3",  
                "win": 6.04,  
                "trade": 1280000, 
                "enable": false  
                },{"option": "1-0",  
                "win": 6.04,  
                "trade": 1280000, 
                "enable": true  
                },{"option": "1-1",  
                "win": 6.04,  
                "trade": 1280000, 
                "enable": true  
                },{"option": "1-2",  
                "win": 6.04,  
                "trade": 1280000, 
                "enable": true  
                },{"option": "1-3",  
                "win": 6.04,  
                "trade": 1280000, 
                "enable": true  
                },{"option": "2-0",  
                "win": 6.04,  
                "trade": 1280000, 
                "enable": false  
                },{"option": "2-1",  
                "win": 6.04,  
                "trade": 1280000, 
                "enable": true  
                },{"option": "2-2",  
                "win": 6.04,  
                "trade": 1280000, 
                "enable": true  
                },{"option": "2-3",  
                "win": 6.04,  
                "trade": 1280000, 
                "enable": true  
                }]
    }
  }
}