[
    {
      "dtime": "2017-04-10",
      "count": 2,
      "gold": 2000, 
      "win_nw": 120,
      "win": 116.5 
    }, 
    {
      "dtime": "2017-04-11",
      "count": 2,
      "gold": 2000, 
      "win_nw": 120,
      "win": 116.5 
    },
    {
      "dtime": "2017-04-12",
      "count": 2,
      "gold": 2000, 
      "win_nw": 120,
      "win": 116.5 
    },
    {
      "dtime": "2017-04-13",
      "count": 2,
      "gold": 2000, 
      "win_nw": 120,
      "win": -1995.5 
    },
    {
      "dtime": "2017-04-14",
      "count": 0,
      "gold": 0, 
      "win_nw": 0,
      "win": 0 
    },
    {
      "dtime": "2017-04-15",
      "count": 2,
      "gold": 2000, 
      "win_nw": 120,
      "win": 116.5 
    },
    {
      "dtime": "2017-04-16",
      "count": 2,
      "gold": 2000, 
      "win_nw": 120,
      "win": 116.5 
    }
]