[
  {
    "gtype":"FT",
    "bid":551000,
    "btime":"2017-04-11 18:00",
    "stime":"2017-04-11 18:00",
    "ht":"多特蒙德",
    "ct":"摩納哥",
    "ptype":"波膽",
    "gold":1000,
    "profit":5,
    "water":-4.5,
    "option": "0-1",
    "win":50,
    "lid":"歐冠"
  },
    {
    "gtype":"FT",
    "bid":551000,
    "btime":"2017-04-11 18:00",
    "stime":"2017-04-11 18:00",
    "ht":"祖雲達斯",
    "ct":"巴塞羅那",
    "ptype":"波膽",
    "gold":1000,
    "profit":5,
    "water":-4.5,
    "option": "0-1",
    "win":50,
    "lid":"歐冠"
  }
]