[
  {
    "gtype":"FT",
    "bid":551000,
    "btime":"2017-04-11 06:00",
    "stime":"2017-04-11 18:00",
    "ht":"多特蒙德",
    "ct":"摩納哥",
    "ptype":"波膽",
    "gold":1000,
    "profit":5,
    "water":-2.3,
    "option": "0-0",
    "lid":"歐冠"
  },
    {
    "gtype":"FT",
    "bid":553000,
    "btime":"2017-04-11 07:00",
    "stime":"2017-04-11 18:00",
    "ht":"祖雲達斯",
    "ct":"巴塞羅那",
    "ptype":"波膽",
    "gold":1000,
    "profit":8.7,
    "water":-2.5,
    "option": "0-0",
    "lid":"歐冠"
  },
      {
    "gtype":"FT",
    "bid":552000,
    "btime":"2017-04-11 06:00",
    "stime":"2017-04-11 18:00",
    "ht":"多特蒙德",
    "ct":"摩納哥",
    "ptype":"波膽",
    "gold":100,
    "profit":7.8,
    "water":-4.5,
    "option": "0-0",
    "lid":"歐冠"
  }
]