[
    {
        "gtype":"FT",
        "time": "2017-10-12 18:00",
        "ht":"希雷迪亚洛",
        "ct":"贝伦新罗",
        "PD": "5-2",
        "PDHR": "3-1",
        "am": 7,
        "lname": "歐甲"
    },
        {
        "gtype":"FT",
        "time": "2017-10-12 18:00",
        "ht":"希雷迪亚洛",
        "ct":"贝伦新罗",
        "PD": "5-2",
        "PDHR": "3-1",
        "am": 7,
        "lname": "歐甲"
    },
        {
        "gtype":"FT",
        "time": "2017-10-12 18:00",
        "ht":"希雷迪亚洛",
        "ct":"贝伦新罗",
        "PD": "5-2",
        "PDHR": "3-1",
        "am": 7,
        "lname": "歐甲"
    },
        {
        "gtype":"FT",
        "time": "2017-10-12 18:00",
        "ht":"希雷迪亚洛",
        "ct":"贝伦新罗",
        "PD": "5-2",
        "PDHR": "3-1",
        "am": 7,
        "lname": "歐甲"
    }
]