[
    {
        "q":"忘記密碼怎麼辦?",
        "a":"尚未回覆!"
    },
    {
        "q":"今天星期幾?",
        "a":"快樂星期五!"
    },
    {
        "q":"該如何加入會員呢?",
        "a":"您可先將欲購買的商品放進購物車開始結帳並選擇付款方式後，頁面右邊即會顯示「第一次購物」按此輸入基本資料即可完成購物，並填妥您的訂購人資訊，確定送出！訂單成立後，系統將會自動為您加入會員哦！"
    }
]