{
    "700": "你被登出了",
    "704": "伺服器忙碌中，请稍后",
    "705": "操作状态无效",
    "708": "语系无法判断",
    "99901":"帐号密码错误",
    "99501":"伺服器取得token session 是空值，请重新登入",
    "99502":"帐号不存在",
    "99503":"帐号已经绑定过",
    "99504":"绑定资料已经存在",
    "95001": "输入格式不符合",
    "94001": "输入标题超过50个字",
    "94002": "输入内容超过500个字",
    "94003": "输入格式不符合",
    "93501":"错误的推广代码",
    "93502":"错误的帐号格式",
    "93503":"错误的密码格式",
    "93504":"错误的昵称格式",
    "93505":"错误的电话格式",
    "93506":"错误的信箱格式",
    "93507":"错误的QQ格式",
    "93508":"错误的微信格式",
    "93509":"确认密码错误",
    "93510":"会员已存在",
    "93511":"会员新增失败",
    "93512":"会员新增失败-请洽克服",
    "93513":"代理已停用，请洽客服",
    "93001":"错误的推广代码",
    "92501": "输入电话号码错误",
    "92502": "输入email错误",
    "92503": "输入QQ帐号错误",
    "92504": "输入微信帐号错误",
    "92201": "输入旧安全码错误",
    "92202": "输入新安全码格式错误",
    "92001": "输入旧密码错误",
    "92002": "输入新密码错误",
    "92003":"新密码不可为空",
    "92004":"旧密码与新密码相同",
    "915001":"没有电话资讯",
    "915002":"该手机已验证通过 / 客服验证中，请与客服联络",
    "915003":"系统繁忙中，请重新验证",
    "915004":"请先修改好电话再行验证",
    "91201":"无此银行",
    "91202":"错误的参数",
    "91203":"错误的行为",
    "91204":"银行名称格式错误",
    "91205":"银行户名格式错误",
    "91206":"银行帐号格式错误",
    "91207":"确认帐号(卡号)错误",
    "91208":"省分格式错误",
    "91209":"地级市格式错误",
    "91210":"分行格式错误",
    "76201":"金额格式错误",
    "76202":"银行帐户格式错误",
    "76203":"银行名称格式错误",
    "76204":"备注格式错误",
    "76205":"系统忙碌中，请稍后在尝试提款",
    "76206":"提款金额不得小于100",
    "76207":"请贵宾输入电话后，进行验证",
    "76208":"客服验证中，请贵宾稍后",
    "76209":"尚未验证，请贵宾前去验证",
    "76210":"请重新进行验证",
    "76001":"错误的金额",
    "76002":"流水号格式错误",
    "76003":"存款错误",
    "76004":"无此存款帐户",
    "68001": "输入球种错误",
    "68002": "输入日期错误",
    "62001": "输入球种错误",
    "62002": "输入日期错误",
    "61001": "输入球种错误",
    "61002": "输入开始日期错误",
    "61003": "输入结束日期错误",
    "61004": "搜寻日期超过30天",
    "57001": "错误的支付资料",
    "57002": "重复的订单",
    "57003": "存款金额超出范围限制",
    "57099": "其他错误",
    "31001": "赛事错误",
    "31002": "交易金额超过该场限额",
    "31003": "交易金额低于100该场限额",
    "31004": "赛事已关闭",
    "31005": "赛事已停押",
    "31006": "赛事获利改变",
    "31007": "余额不足",
    "31008":"赔率错误",
    "31009":"系统忙碌中",
    "31010":"投注状况为停用",
    "31011":"设定错误，请向客服反应",
    "31012":"交易金额超过公司设定限额.",
    "31013":"获利% 改变，请重新交易",
    "12001": "输入球种错误",
    "10001": "输入球种错误",
    "10002": "选择场次错误",
    "10003": "该场赛事已关闭"
}