{
    "$" : "￥",
    "Account" : "帐号",
    "Password" : "密码",
    "Stay signed in" : "记住密码",
    "Login" : "登入",
    "Sign up" : "注册",
    "Logout" : "登出",
    "Market" : "市场列表",
    "Details" : "交易明细",
    "History" : "历史帐务",
    "Box Score" : "赛事结果",
    "News" : "最新公告",
    "System" : "系统相关",
    "Balance" : "帐户余额",
    "deposit" : "充值",
    "Deposit" : "存款",
    "Withdraw" : "提款",
    "Bank card" : "绑定提款卡",
    "My Account" : "我的帐户",
    "Game" : "赛事",
    "All game" : "全部赛事",
    "League" : "选择联盟",
    "Please choose games" : "请点击赛事",
    "Fee" : "手续费",
    "Live score" : "即时比分",
    "Update" : "刷新",
    "Battle record" : "对战纪录",
    "Home" : "主",
    "PD" : "波胆",
    "PDHR" : "上半场波胆",
    "Volume" : "成交量",
    "Option" : "选项",
    "Estimate" : "预估获利",
    "Profit" : "获利",
    "Trading volume" : "可交易量",
    "Home > 4" : "主队赢 進球四球以上",
    "Visiting > 4" : "客队赢 進球四球以上",
    "Other" : "其他",
    "Bet" : "下单",
    "Bet infomation" : "下单资讯",
    "You are" : "您正在",
    "against" : "反对",
    "this result" : "这场赛事结果为",
    "Stake" : "交易金额",
    "Payout" : "获利",
    "Set bet amounts" : "设定交易金额",
    "All in" : "余额全投",
    "Clear" : "清除",
    "OK" : "确认",
    "Cancel" : "取消",
    "Place bet" : "确定交易",
    "Bet successful" : "交易成功",
    "Please wait for a moment" : "交易中请稍后...",
    "*The minimum bet amount is 100" : "*最低交易金额为 100",
    "*The bet amount exceeds the balance" : "*交易金额「超过」余额",
    "*The bet amount exceeds the trading volume limit" : "*交易金额「超过」该场可交易量限额",
    "Bet amount is less than 100" : "交易金额低于100",
    "The game profit change!" : "赛事获利变更!",
    "Insufficient account balance! Please re-bet" : "帐户余额不足! 请重新交易",
    "No." : "单号",
    "Close" : "关闭",
    "Reload" : "刷新",
    "Previous page" : "上一页",
    "Bet time" : "交易时间",
    "Game time" : "开赛时间",
    "Bet content" : "注单内容",
    "Play" : "玩法",
    "Total" : "总共",
    "Records" : "交易纪录",
    "records" : "笔资料",
    "Search" : "查询",
    "To" : "至",
    "Biweekly"  : "近二周",
    "This week" : "本周",
    "Last week" : "上周",
    "This month" : "本月",
    "Last month" : "上月",
    "History Date" : "帐务日期",
    "Total stake" : "交易金额",
    "Total profit" : "实货量",
    "Total payout" : "投资结算",
    "Key words" : "关键字",
    "Total score" : "总得分",
    "First goal" : "首入球时间",
    "Time" : "时间",
    "Content" : "内容",
    "Remarks" : "备注",
    "Rule" : "规则说明",
    "Help" : "问题反应",
    "Contact" : "联络方式",
    "Communication" : "客服问与答",
    "Serial" : "流水号存款",
    "Please enter your deposit information" : "请输入存款资料",
    "Bank" : "银行名称",
    "Branch" : "支行名称",
    "Payee" : "收款人",
    "Check account" : "确认帐号",
    "Copy" : "复制",
    "Remittance account after four yards" : "汇款帐号后四码",
    "the amount is 100 ~ 50,000" : "单笔存款金额最低100元 ~50,000元，每日次数不限制。",
    "The minimum amount is 1" : "提款金额最低1元。",
    "Depositor" : "存款人",
    "The" : "第",
    "page" : "页",
    "Type" : "类别",
    "Amount" : "金额",
    "Status" : "状态",
    "Enable" : "启用",
    "Disable" : "停用",
    "Bind" : "绑定中",
    "*Bank" : "*开户银行",
    "*Bank city" : "*开户银行所在城市",
    "*Branch" : "*支行名称",
    "*Name" : "*开户姓名",
    "*Account" : "*帐号",
    "*Check account" : "*确认帐号",
    "--Bank--" : "--选择银行--",
    "--Province--" : "--选择省分--",
    "--City--" : "--选择地级市--",
    "Required" : "必填栏位。",
    "Please enter your bank account" : "请输入您的银行帐号。",
    "Please enter your bank account again" : "请再输入您的银行帐号。",
    "Personal info" : "个人资料",
    "Promotion link" : "会员推广连结",
    "Link" : "推广连结",
    "Transaction count" : "交易笔数",
    "Setting" : "设定",
    "Phone" : "手机",
    "Verified" : "已认证",
    "Unverified" : "未认证",
    "E-mail" : "电子信箱",
    "Change" : "修改",
    "Phone munber must be at least 8 digits" : "手机号码长度必须至少为8位数",
    "E-mail is invalid" : "无效的电子信箱",
    "QQ" : ["QQ帐号","QQ客服","QQ支付"],
    "QQ is invalid" : "无效的QQ帐号",
    "Wechat" : ["微信帐号","微信客服","微信支付"],
    "Wechat is invalid" : "无效的微信帐号",
    "old" : "旧密码",
    "new" : "新密码",
    "comfirm" : "确认密码",
    "The password is only letters or numbers and that`s length must be 6 to 12 characters" : "密码只有英文与数字，且长度必须在6~12字元",
    "The password is only letters or numbers,that`s length must be 6 to 12 characters and must not be the same as the old password" : "密码只有英文与数字，且长度必须在6~12字元,且密码与旧密码必须不相同",
    "The password must be the same as the new password" : "密码与新密码必须相同",
    "Open link" : "前往连结",
    "New reply message,please click to view!": "新回覆讯息，请点击查看!",
    "Question" : "提问",
    "Reply" : "回覆",
    "Customer Service" : "客服专区",
    "Online" : "线上客服",
    "Weibo" : ["微博帐号","微博客服"],
    "New bets" : "最新注单",
    "We recommend using the following browser." : "建议使用以下浏览器"
}