{
    "Account" : "帳號",
    "Password" : "密碼",
    "Stay signed in" : "記住密碼",
    "Login" : "登入",
    "Sign up" : "註冊",
    "Logout" : "登出",
    "Market" : "市場列表",
    "Details" : "交易明細",
    "History" : "歷史帳務",
    "Box Score" : "賽事結果",
    "News" : "最新公告",
    "System" : "系統相關",
    "Balance" : "帳戶餘額",
    "deposit" : "充值",
    "Deposit" : "存款",
    "Withdraw" : "提款",
    "Bank card" : "綁定提款卡",
    "My Account" : "我的帳戶",
    "Game" : "賽事",
    "All game" : "全部賽事",
    "League" : "選擇聯盟",
    "Please choose games" : "請點擊賽事",
    "Fee" : "手續費",
    "Live score" : "即時比分",
    "Update" : "更新",
    "Battle record" : "對戰紀錄",
    "Home" : "主",
    "PD" : "波膽",
    "PDHR" : "上半場波膽",
    "Volume" : "成交量",
    "Option" : "選項",
    "Estimate" : "預估獲利",
    "Profit" : "獲利",
    "Trading volume" : "可交易量",
    "Home > 4" : "主隊赢 進球四球以上",
    "Visiting > 4" : "客隊赢 進球四球以上",
    "Other" : "其他",
    "Bet" : "下單",
    "Bet infomation" : "下單資訊",
    "You are" : "您正在",
    "against" : "反對",
    "this result" : "這場賽事結果為",
    "Stake" : "交易金額",
    "Payout" : "獲利",
    "Set bet amounts" : "設定交易金額",
    "All in" : "餘額全投",
    "Clear" : "清除",
    "OK" : "確認",
    "Cancel" : "取消",
    "Place bet" : "確定交易",
    "Bet successful" : "交易成功",
    "Please wait for a moment" : "交易中請稍後...",
    "*The minimum bet amount is 100" : "*最低交易金額為 100",
    "*The bet amount exceeds the balance" : "*交易金額「超過」餘額",
    "*The bet amount exceeds the trading volume limit" : "交易金額「超過」該場可交易量限額",
    "Bet amount is less than 100" : "交易金額低於100",
    "The game profit change!" : "賽事獲利變更!",
    "Insufficient account balance! Please re-bet" : "帳戶餘額不足! 請重新交易",
    "No." : "單號",
    "Close" : "關閉",
    "Reload" : "重新整理",
    "Previous page" : "上一頁",
    "Bet time" : "交易時間",
    "Game time" : "開賽時間",
    "Bet content" : "注單內容",
    "Play" : "玩法",
    "Total" : "總共",
    "Records" : "交易紀錄",
    "records" : "筆資料",
    "Search" : "查詢",
    "To" : "至",
    "Biweekly"  : "近二週",
    "This Week" : "本週",
    "Last Week" : "上週",
    "This month" : "本月",
    "Last month" : "上月",
    "History Date" : "帳務日期",
    "Total stake" : "交易金額",
    "Total profit" : "實貨量",
    "Total payout" : "投資結算",
    "Key words" : "關鍵字",
    "Total score" : "總得分",
    "First goal" : "首入球時間",
    "Time" : "時間",
    "Content" : "內容",
    "Remarks" : "備註",
    "Rule" : "規則說明",
    "Help" : "問題反應",
    "Contact" : "聯絡方式",
    "Communication" : "客服問與答",
    "Serial" : "流水號存款",
    "Please enter your deposit information" : "請輸入存款資料",
    "Bank" : "銀行名稱",
    "Branch" : "支行名稱",
    "Payee" : "收款人",
    "Check account" : "確認帳號",
    "Copy" : "複製",
    "Remittance account after four yards" : "匯款帳號後四碼",
    "the amount is 100 ~ 50,000" : "单笔存款金额最低100元 ~50,000元，每日次数不限制。",
    "The minimum amount is 1" : "提款金額最低1元。",
    "Depositor" : "存款人",
    "The" : "第",
    "page" : "頁",
    "Type" : "類別",
    "Amount" : "金額",
    "Status" : "狀態",
    "Enable" : "啟用",
    "Disable" : "停用",
    "Bind" : "綁定中",
    "*Bank" : "*開戶銀行",
    "*Bank city" : "*開戶銀行所在城市",
    "*Branch" : "*支行名稱",
    "*Name" : "*開戶姓名",
    "*Account" : "*帳號",
    "*Check account" : "*確認帳號",
    "--Bank--" : "--選擇銀行--",
    "--Province--" : "--選擇省分--",
    "--City--" : "--選擇地級市--",
    "Required" : "必填欄位。",
    "Please enter your bank account" : "請輸入您的銀行帳號。",
    "Please enter your bank account again" : "請再輸入您的銀行帳號。",
    "Personal info" : "個人資料",
    "Promotion link" : "會員推廣連結",
    "Link" : "推廣連結",
    "Transaction count" : "交易筆數",
    "Setting" : "設定",
    "Phone" : "手機",
    "Verified" : "已認證",
    "Unverified" : "未認證",
    "E-mail" : "電子信箱",
    "Change" : "修改",
    "Phone munber must be at least 8 digits" : "手機號碼長度必須至少為8位數",
    "Email is invalid" : "無效的電子信箱",
    "QQ" : ["QQ帳號","QQ客服","QQ支付"],
    "QQ is invalid" : "無效的QQ帳號",
    "Wechat" : ["微信帳號","微信客服","微信支付"],
    "Wechat is invalid" : "無效的微信帳號",
    "old password" : "舊密碼",
    "new password" : "新密碼",
    "comfirm password" : "確認密碼",
    "The password is only letters or numbers and that`s length must be 6 to 12 characters" : "密碼只有英文與數字，且長度必須在6~12字元",
    "The password is only letters or numbers,that`s length must be 6 to 12 characters and must not be the same as the old password" : "密碼只有英文與數字，且長度必須在6~12字元,且密碼與舊密碼必須不相同",
    "The password must be the same as the new password" : "密碼與新密碼必須相同",
    "Open link" : "前往連結",
    "New reply message,please click to view!": "新回覆訊息，請點擊查看!",
    "Question" : "提問",
    "Reply" : "回覆",
    "Customer Service" : "客服專區",
    "Online" : "線上客服",
    "Weibo" : ["微博帳號","微博客服"],
    "New bets" : "最新注單",
    "We recommend using the following browser." : "建議使用以下瀏覽器"
}